method,n,average_runtime_sec,median_runtime_sec,average_repair_feedback_count
Best-of-K,100,0.10506990038906223,0.10663642498548143,0.18
Consensus only,100,0.10355523234815336,0.10628145295777358,0.18
Direct,100,0.10925027817022055,0.11151058349059895,0.17
ReplenishVerifier-Full,100,0.1101868072419893,0.11313735350267962,0.18
ReplenishVerifier-TypeAware,100,0.10340351859980729,0.106274809979368,0.16
ReplenishVerifier-TypeAware-Consensus,100,0.10340351859980729,0.106274809979368,0.16
Solver only,100,0.1035662921279436,0.10628145295777358,0.18
Structure only,100,0.11020527013228275,0.11313735350267962,0.18
