method,n,objective_accuracy,structure_completeness,constraint_coverage,objective_term_coverage,average_runtime_sec
Best-of-K,100,0.81,0.8041702380952386,0.9416666666666665,0.9166666666666667,0.10236328626400791
ReplenishVerifier-ConsensusSafe,100,0.8,0.8081355158730164,0.9479166666666665,0.9266666666666665,0.10177593609900214
ReplenishVerifier-Full,100,0.81,0.8088577380952385,0.9479166666666665,0.92,0.10862598038627766
ReplenishVerifier-FullV2,100,0.81,0.8088577380952385,0.9479166666666665,0.92,0.10862598038627766
ReplenishVerifier-HybridSafe,100,0.8,0.8081355158730164,0.9479166666666665,0.9266666666666665,0.10177593609900214
ReplenishVerifier-TypeAware-Consensus,100,0.81,0.8086910714285719,0.9479166666666665,0.92,0.10250259555876255
