method,n,objective_accuracy,structure_completeness,constraint_coverage,objective_term_coverage,average_runtime_sec
Best-of-K,100,0.78,0.803203571428572,0.9394444444444444,0.9033333333333334,0.12047044033068233
ReplenishVerifier-ConsensusSafe,100,0.83,0.8067105158730163,0.9444444444444444,0.9233333333333333,0.11999570040032267
ReplenishVerifier-Full,100,0.83,0.807578571428572,0.9444444444444444,0.9166666666666667,0.14063440895173698
ReplenishVerifier-FullV2,100,0.83,0.807578571428572,0.9444444444444444,0.9166666666666667,0.14063440895173698
ReplenishVerifier-HybridSafe,100,0.83,0.8067105158730163,0.9444444444444444,0.9233333333333333,0.11999570040032267
ReplenishVerifier-TypeAware-Consensus,100,0.85,0.8072660714285721,0.9444444444444444,0.9166666666666667,0.12594592943089084
