method,n,average_runtime_sec,median_runtime_sec,average_repair_feedback_count
Best-of-K,100,0.08140620609628968,0.08159820700529963,0.18
Consensus only,100,0.080341006880044,0.08036095747957006,0.18
Direct,100,0.08467722187866457,0.08573452447308227,0.17
ReplenishVerifier-Full,100,0.0855314682185417,0.08622193548944779,0.18
ReplenishVerifier-TypeAware,100,0.08037188921764027,0.08023024146677926,0.16
ReplenishVerifier-TypeAware-Consensus,100,0.08037188921764027,0.08023024146677926,0.16
Solver only,100,0.08017485634947662,0.08036095747957006,0.18
Structure only,100,0.08544953194912523,0.08622193548944779,0.18
