method,n,objective_accuracy,mean_relative_error,median_relative_error,mean_objective_gap,median_objective_gap
Best-of-K,100,0.75,0.09824885987056085,0.0,0.09824885987056085,0.0
Consensus only,100,0.73,0.09885670705514639,0.0,0.09885670705514639,0.0
Direct,100,0.69,0.10560406630396485,0.0,0.10560406630396485,0.0
ReplenishVerifier-Full,100,0.74,0.11291288810053687,0.0,0.11291288810053687,0.0
ReplenishVerifier-TypeAware,100,0.72,0.11902872801475164,0.0,0.11902872801475164,0.0
ReplenishVerifier-TypeAware-Consensus,100,0.72,0.11902872801475164,0.0,0.11902872801475164,0.0
Solver only,100,0.74,0.08419267882517033,0.0,0.08419267882517033,0.0
Structure only,100,0.74,0.11291288810053687,0.0,0.11291288810053687,0.0
