method,n,average_runtime_sec,median_runtime_sec,average_repair_feedback_count
Best-of-K,100,0.07737329612253234,0.07646371147711761,0.18
Consensus only,100,0.07614052371995057,0.07618108001770452,0.18
Direct,100,0.08137403486820403,0.08142478950321674,0.17
ReplenishVerifier-Full,100,0.08226511004788335,0.08138560599763878,0.18
ReplenishVerifier-TypeAware,100,0.07634471278230194,0.07607361351256259,0.16
ReplenishVerifier-TypeAware-Consensus,100,0.07634471278230194,0.07607361351256259,0.16
Solver only,100,0.07608910176961217,0.07608360701124184,0.18
Structure only,100,0.08220312194782309,0.08138560599763878,0.18
