method,n,average_runtime_sec,median_runtime_sec,average_repair_feedback_count
Best-of-K,100,0.5203852619999089,0.5321602500043809,0.18
Consensus only,100,0.5069007580028847,0.5198966499883682,0.18
Direct,100,0.5601551860023756,0.5684490000130609,0.17
ReplenishVerifier-ConsensusSafe,100,0.5128040220029653,0.5243190500186756,0.18
ReplenishVerifier-Full,100,0.5197614040004556,0.5321602500043809,0.18
ReplenishVerifier-TypeAware,100,0.5119360710051842,0.5227138500194997,0.16
ReplenishVerifier-TypeAware-Consensus,100,0.5128040220029653,0.5243190500186756,0.18
Solver only,100,0.5072460990026593,0.5208177999593318,0.18
Structure only,100,0.5593874110025354,0.5684490000130609,0.18
