method,n,objective_term_surface_coverage,objective_term_lp_coefficient_coverage,objective_term_coverage
Best-of-K,100,0.98,0.9523809523809524,0.9466666666666668
Consensus only,100,0.98,0.9523809523809524,0.9466666666666668
Direct,100,0.98,0.9513108614232211,0.9466666666666668
ReplenishVerifier-ConsensusSafe,100,0.98,0.9523809523809524,0.9466666666666668
ReplenishVerifier-Full,100,0.98,0.9523809523809524,0.9466666666666668
ReplenishVerifier-TypeAware,100,0.98,0.9513108614232211,0.9466666666666668
ReplenishVerifier-TypeAware-Consensus,100,0.98,0.9523809523809524,0.9466666666666668
Solver only,100,0.98,0.9523809523809524,0.9466666666666668
Structure only,100,0.98,0.9523809523809524,0.9466666666666668
