method,n,average_runtime_sec,median_runtime_sec,average_repair_feedback_count
Best-of-K,100,0.10887378054030705,0.10705197951756418,0.18
Consensus only,100,0.10417382849322167,0.1057431204826571,0.18
Direct,100,0.12110946821107063,0.12239870650228113,0.17
ReplenishVerifier-ConsensusSafe,100,0.1054193360300269,0.10638485650997609,0.18
ReplenishVerifier-Full,100,0.10825933857995551,0.10689406251185574,0.18
ReplenishVerifier-TypeAware,100,0.10456207147042733,0.10595518900663592,0.16
ReplenishVerifier-TypeAware-Consensus,100,0.1054193360300269,0.10638485650997609,0.18
Solver only,100,0.10417848255310673,0.1057431204826571,0.18
Structure only,100,0.12136626958847047,0.12077713551116176,0.18
