method,n,objective_accuracy,structure_completeness,constraint_coverage,objective_term_coverage,average_runtime_sec
Best-of-K,100,0.79,0.803203571428572,0.9394444444444444,0.9083333333333334,0.10509241259191185
ReplenishVerifier-ConsensusSafe,100,0.83,0.8067105158730163,0.9444444444444444,0.9233333333333333,0.1049287864274811
ReplenishVerifier-Full,100,0.83,0.807578571428572,0.9444444444444444,0.9166666666666667,0.1107699555112049
ReplenishVerifier-FullV2,100,0.83,0.807578571428572,0.9444444444444444,0.9166666666666667,0.1107699555112049
ReplenishVerifier-HybridSafe,100,0.83,0.8067105158730163,0.9444444444444444,0.9233333333333333,0.1049287864274811
ReplenishVerifier-TypeAware-Consensus,100,0.85,0.8072660714285721,0.9444444444444444,0.9166666666666667,0.1065681694552768
