method,n,objective_accuracy,structure_completeness,constraint_coverage,objective_term_coverage,average_runtime_sec
Best-of-K,100,0.79,0.803203571428572,0.9394444444444444,0.8966666666666668,0.10094159828033299
ReplenishVerifier-ConsensusSafe,100,0.83,0.8067105158730163,0.9444444444444444,0.9233333333333333,0.1008856815751642
ReplenishVerifier-Full,100,0.82,0.807578571428572,0.9444444444444444,0.9166666666666667,0.10508136263815686
ReplenishVerifier-FullV2,100,0.82,0.807578571428572,0.9444444444444444,0.9166666666666667,0.10508136263815686
ReplenishVerifier-HybridSafe,100,0.83,0.8067105158730163,0.9444444444444444,0.9233333333333333,0.1008856815751642
ReplenishVerifier-TypeAware-Consensus,100,0.83,0.8067105158730163,0.9444444444444444,0.9233333333333333,0.1008856815751642
